,postcode,locality,Long_precise,Lat_precise,distance,duration
6194,3000,MELBOURNE,144.963937,-37.8152065,139795.0,6787.4
6196,3002,EAST MELBOURNE,144.9804594,-37.8161444,137770.9,6720.7
6197,3003,WEST MELBOURNE,144.9253974,-37.8114504,143383.5,6997.7
6198,3004,MELBOURNE,144.9804594,-37.8301583,136754.8,6608.0
6199,3004,ST KILDA ROAD CENTRAL,144.976,-37.8368,136170.2,6669.9
6200,3004,ST KILDA ROAD MELBOURNE,144.976,-37.8368,136170.2,6669.9
6201,3005,WORLD TRADE CENTRE,144.953839,-37.8226739,139348.4,6744.8
6202,3006,SOUTH WHARF,144.952,-37.825,139474.8,6715.0
6203,3006,SOUTHBANK,144.957,-37.829,138607.7,6662.1
6204,3008,DOCKLANDS,144.9419122,-37.8170652,141463.7,6996.3
6205,3010,UNIVERSITY OF MELBOURNE,144.960974,-37.7983459,140468.9,7047.6
6206,3011,FOOTSCRAY,144.892357,-37.7988987,148963.3,7364.6
6207,3011,SEDDON,144.891002,-37.8055831,148394.2,7297.4
6208,3011,SEDDON WEST,144.8918846,-37.8053708,148452.4,7302.7
6209,3012,BROOKLYN,144.8465361,-37.8173492,149491.9,7273.0
6210,3012,KINGSVILLE,144.878,-37.809,147626.0,7240.3
6211,3012,KINGSVILLE WEST,144.878,-37.809,147626.0,7240.3
6212,3012,MAIDSTONE,144.878,-37.783,151563.0,7658.2
6213,3012,TOTTENHAM,144.857,-37.806,149603.1,7434.0
6214,3012,WEST FOOTSCRAY,144.8716645,-37.8006709,149070.9,7381.3
6215,3013,YARRAVILLE,144.8813738,-37.819811,146096.0,7067.2
6216,3013,YARRAVILLE WEST,144.8852384,-37.8148018,146811.9,7145.2
6217,3015,NEWPORT,144.884,-37.842,147795.5,7212.0
6218,3015,SOUTH KINGSVILLE,144.8703715,-37.8300643,146973.6,7229.7
6219,3015,SPOTSWOOD,144.8813515,-37.8292454,145952.9,7065.7
6220,3016,WILLIAMSTOWN,144.885,-37.861,150362.4,7573.7
6221,3016,WILLIAMSTOWN NORTH,144.8689963,-37.8517597,149988.5,7453.8
6222,3018,ALTONA,144.8120218,-37.8631512,155788.5,7761.0
6223,3018,SEAHOLME,144.841,-37.868,153550.1,7765.2
6224,3019,BRAYBROOK,144.8566207,-37.7903679,151971.2,7701.0
6225,3019,BRAYBROOK NORTH,144.8566207,-37.7903679,151971.2,7701.0
6226,3019,ROBINSON,144.860535,-37.793488,151080.7,7575.6
6227,3020,ALBION,144.8154448,-37.7755151,160758.5,7741.2
6228,3020,GLENGALA,144.8087985,-37.78827,159070.4,7756.3
6229,3020,SUNSHINE,144.8375652,-37.783657,155173.0,7878.9
6230,3020,SUNSHINE NORTH,144.8312453,-37.7645428,162972.9,7883.7
6231,3020,SUNSHINE WEST,144.818759,-37.7946685,155764.9,7641.0
6232,3021,ALBANVALE,144.765,-37.746,165184.2,8351.7
6233,3021,KEALBA,144.8238362,-37.7327512,165807.6,8048.6
6234,3021,KINGS PARK,144.772,-37.734,165820.5,8228.5
6235,3021,ST ALBANS,144.7999941,-37.7442306,164609.1,7991.8
6236,3022,ARDEER,144.7988921,-37.7776716,159162.1,7819.9
6237,3022,DEER PARK EAST,144.7988921,-37.7776716,159162.1,7819.9
6238,3023,BURNSIDE,144.754,-37.753,165365.6,8041.2
6239,3023,BURNSIDE HEIGHTS,144.76,-37.727,168985.6,8396.1
6240,3023,CAIRNLEA,144.7913339,-37.7578477,161024.6,7856.2
6241,3023,CAROLINE SPRINGS,144.74,-37.745,165596.8,8006.9
6242,3023,DEER PARK,144.7747728,-37.7702749,160924.0,7807.8
6243,3023,DEER PARK NORTH,144.7735655,-37.7561,162739.8,8015.6
6244,3023,RAVENHALL,144.7257546,-37.7910708,168003.5,8313.5
6245,3024,FIELDSTONE,144.649,-37.7472,175202.1,8334.1
6246,3024,MAMBOURIN,144.5964645,-37.892471,180512.9,8781.1
6247,3024,MANOR LAKES,144.582,-37.8734,178684.0,9104.1
6248,3024,MOUNT COTTRELL,144.6229115,-37.7968182,172026.9,8594.5
6249,3024,WYNDHAM VALE,144.63,-37.89,171683.4,8561.5
6250,3025,ALTONA EAST,144.8346241,-37.8388686,152104.1,7561.3
6251,3025,ALTONA GATE,144.8477003,-37.8277061,148869.7,7234.6
6252,3025,ALTONA NORTH,144.8346241,-37.8388686,152104.1,7561.3
6253,3026,DERRIMUT,144.7715559,-37.7927082,161614.1,7843.3
6254,3026,LAVERTON NORTH,144.7854874,-37.8280477,156617.2,7642.8
6255,3027,LAVERTON RAAF,144.7613154,-37.8655231,159062.1,7694.1
6256,3027,WILLIAMS LANDING,144.744,-37.8615,160988.4,7797.9
6257,3027,WILLIAMS RAAF,144.749,-37.9232,166315.0,8336.1
6258,3028,ALTONA MEADOWS,144.7775818,-37.8715626,159129.0,7767.0
6259,3028,LAVERTON,144.7704046,-37.8592043,157255.6,7704.6
6260,3028,SEABROOK,144.758,-37.876,159779.5,7796.8
6261,3029,HOPPERS CROSSING,144.6854533,-37.8629027,167396.6,8190.6
6262,3029,TARNEIT,144.6672079,-37.8091678,168814.1,8298.8
6263,3029,TRUGANINA,144.7082568,-37.8282806,162217.1,8057.9
6264,3030,CHARTWELL,144.764,-37.7935,161011.7,7803.6
6265,3030,COCOROC,144.6215012,-37.9686685,Unknown,Unknown
6266,3030,POINT COOK,144.7477259,-37.9178086,165965.0,8352.1
6267,3030,QUANDONG,144.5470351,-37.8414477,Unknown,Unknown
6268,3030,WERRIBEE,144.6641401,-37.8997995,170149.1,8190.1
6269,3030,WERRIBEE SOUTH,144.697,-37.937,172220.7,8255.9
6270,3031,FLEMINGTON,144.9277474,-37.7833035,147233.4,7383.2
6271,3031,KENSINGTON,144.9276659,-37.7941207,146384.0,7212.1
6272,3032,ASCOT VALE,144.9110705,-37.7767444,147831.9,7413.2
6273,3032,HIGHPOINT CITY,144.8893046,-37.7732279,151003.6,7818.2
6274,3032,MARIBYRNONG,144.8820803,-37.7695602,150760.0,7699.6
6275,3032,TRAVANCORE,144.935,-37.778,146463.9,7360.3
6276,3033,KEILOR EAST,144.8566207,-37.7343192,166238.1,7998.8
6277,3034,AVONDALE HEIGHTS,144.8648709,-37.7628247,153642.4,8070.8
6278,3036,KEILOR,144.831,-37.712,160554.7,7994.3
6279,3036,KEILOR NORTH,144.784,-37.68,166033.0,8228.6
6280,3037,CALDER PARK,144.762,-37.679,169751.0,8429.4
6281,3037,DELAHEY,144.777,-37.719,168065.4,8448.5
6282,3037,HILLSIDE,144.743,-37.687,172576.3,8704.7
6283,3037,PLUMPTON,144.752,-37.694,168535.8,8665.3
6284,3037,SYDENHAM,144.767,-37.702,167862.9,8608.8
6285,3037,TAYLORS HILL,144.751,-37.715,169559.3,8501.5
6286,3038,KEILOR DOWNS,144.803,-37.722,167649.1,8280.4
6287,3038,KEILOR LODGE,144.7988921,-37.6982783,164464.5,8232.2
6288,3038,TAYLORS LAKES,144.7811982,-37.6973477,165487.9,8305.9
6289,3038,WATERGARDENS,144.776823,-37.699141,166132.3,8429.9
6290,3039,MOONEE PONDS,144.9198932,-37.7675363,148638.5,7483.9
6291,3040,ABERFELDIE,144.901,-37.762,150474.3,7724.8
6292,3040,ESSENDON,144.9143187,-37.7504821,151576.8,7634.1
6293,3040,ESSENDON WEST,144.883,-37.755,152786.1,7852.6
6294,3041,CROSS KEYS,144.897,-37.7263,155905.2,7845.4
6295,3041,ESSENDON FIELDS,144.897,-37.7263,155905.2,7845.4
6296,3041,ESSENDON NORTH,144.8992556,-37.7383196,153626.2,7840.0
6297,3041,STRATHMORE,144.9191456,-37.7358112,152336.9,7627.1
6298,3041,STRATHMORE HEIGHTS,144.897,-37.713,155298.1,7843.1
6299,3042,AIRPORT WEST,144.8813526,-37.726234,156136.2,7824.4
6300,3042,KEILOR PARK,144.8514577,-37.7200817,159636.0,8000.0
6301,3042,NIDDRIE,144.8864718,-37.7392692,154822.8,7954.5
6302,3042,NIDDRIE NORTH,144.886,-37.7393,154831.3,7956.6
6303,3043,GLADSTONE PARK,144.8951801,-37.6926696,161082.5,8136.6
6304,3043,GOWANBRAE,144.8948907,-37.7062908,157505.0,8134.2
6305,3043,TULLAMARINE,144.8803113,-37.6994841,160598.0,8105.8
6306,3044,PASCOE VALE,144.942,-37.727,152517.1,7724.5
6307,3044,PASCOE VALE SOUTH,144.9384576,-37.7457735,149861.9,7446.6
6308,3045,MELBOURNE AIRPORT,144.8401227,-37.6679317,Unknown,Unknown
6309,3046,GLENROY,144.9161373,-37.7062465,154611.1,7792.1
6310,3046,HADFIELD,144.95,-37.71,155322.4,7938.1
6311,3046,OAK PARK,144.919,-37.718,153365.2,7777.0
6312,3047,BROADMEADOWS,144.9269889,-37.6860869,157452.1,8136.5
6313,3047,DALLAS,144.94,-37.668,161301.7,8442.5
6314,3047,JACANA,144.9128564,-37.687232,156986.9,8082.2
6315,3048,COOLAROO,144.9364069,-37.6562333,161954.4,8494.3
6316,3048,MEADOW HEIGHTS,144.922,-37.65,161951.4,8472.6
6317,3049,ATTWOOD,144.887,-37.666,162151.5,8303.7
6318,3049,WESTMEADOWS,144.8843087,-37.6779426,160834.9,8161.0
6319,3050,ROYAL MELBOURNE HOSPITAL,144.95617,-37.7989153,141679.6,7073.2
6320,3051,HOTHAM HILL,144.953,-37.8009,141386.8,7009.4
6321,3051,NORTH MELBOURNE,144.9419122,-37.7983816,142043.9,7059.6
6322,3052,MELBOURNE UNIVERSITY,144.960974,-37.7983459,140468.9,7047.6
6323,3052,PARKVILLE,144.9474178,-37.7862363,146023.9,7176.3
6324,3053,CARLTON,144.9694441,-37.798389,139983.1,6955.4
6325,3053,CARLTON SOUTH,144.9660172,-37.804246,139481.6,6883.7
6326,3054,CARLTON NORTH,144.9719823,-37.788805,141487.1,7118.3
6327,3054,PRINCES HILL,144.966,-37.784,142040.8,7164.6
6328,3055,BRUNSWICK SOUTH,144.9495859,-37.7723275,147578.2,7342.7
6329,3055,BRUNSWICK WEST,144.9419122,-37.761,150529.7,7518.8
6330,3055,MOONEE VALE,144.9419122,-37.761,150529.7,7518.8
6331,3055,MORELAND WEST,144.945438,-37.754229,149965.8,7426.6
6332,3056,BRUNSWICK,144.9584302,-37.7666099,145153.2,7434.7
6333,3056,BRUNSWICK LOWER,144.9584302,-37.7666099,145153.2,7434.7
6334,3056,BRUNSWICK NORTH,144.9638343,-37.7579505,145836.3,7485.3
6335,3057,BRUNSWICK EAST,144.9804594,-37.769412,143348.3,7279.8
6336,3057,LYGON STREET NORTH,144.972,-37.7714,143516.4,7290.7
6337,3057,SUMNER,144.98,-37.7722,142994.7,7246.3
6338,3058,BATMAN,144.9630404,-37.7345019,153792.8,7803.9
6339,3058,COBURG,144.9666108,-37.7412988,147878.1,7712.8
6340,3058,COBURG NORTH,144.96,-37.726,154195.0,7847.8
6341,3058,MERLYNSTON,144.9613501,-37.7209299,155337.4,7972.7
6342,3058,MORELAND,144.9666905,-37.7343488,148567.7,7788.1
6343,3059,GREENVALE,144.8841246,-37.6454887,164873.8,8543.4
6344,3060,FAWKNER,144.9666905,-37.6969273,158740.3,8240.3
6345,3060,FAWKNER EAST,144.9666905,-37.6969273,158740.3,8240.3
6346,3060,FAWKNER NORTH,144.9684492,-37.6959697,158724.6,8230.7
6347,3061,CAMPBELLFIELD,144.955677,-37.665113,165044.1,8415.4
6348,3062,SOMERTON,144.944665,-37.6332889,169384.5,8906.3
6349,3063,OAKLANDS JUNCTION,144.8401227,-37.6117964,170121.5,8471.9
6350,3063,YUROKE,144.88,-37.6,177300.6,8894.4
6351,3064,CRAIGIEBURN,144.934,-37.594,176238.9,8978.6
6352,3064,DONNYBROOK,144.9669338,-37.5476567,181409.5,9152.3
6353,3064,KALKALLO,144.955677,-37.5245635,181050.6,9088.3
6354,3064,MICKLEHAM,144.874,-37.562,179882.9,8945.8
6355,3064,ROXBURGH PARK,144.929,-37.627,165178.5,8785.3
6356,3065,FITZROY,144.9804594,-37.7974551,140575.1,7035.3
6357,3066,COLLINGWOOD,144.9873447,-37.8009595,139227.3,6977.9
6358,3066,COLLINGWOOD NORTH,144.9873447,-37.8009595,139227.3,6977.9
6359,3067,ABBOTSFORD,144.9983623,-37.8023601,137944.5,6872.7
6360,3068,CLIFTON HILL,145.0002125,-37.7877787,147906.6,7042.8
6361,3068,FITZROY NORTH,144.9838466,-37.7832944,149178.8,7114.3
6362,3070,NORTHCOTE,144.9997396,-37.7736132,149541.1,7285.3
6363,3070,NORTHCOTE SOUTH,144.996757,-37.779531,148506.7,7131.7
6364,3071,THORNBURY,145.0080039,-37.7600493,148644.4,7367.6
6365,3072,GILBERTON,144.99,-37.7363,150515.0,7630.3
6366,3072,NORTHLAND CENTRE,145.0300628,-37.7385104,147769.5,7355.8
6367,3072,PRESTON,145.0107588,-37.7399362,148601.3,7399.7
6368,3072,PRESTON LOWER,144.9877873,-37.7508858,152577.9,7564.3
6369,3072,PRESTON SOUTH,145.0023878,-37.7514021,148891.4,7437.8
6370,3072,PRESTON WEST,144.9955479,-37.7376921,149990.4,7624.6
6371,3072,REGENT WEST,144.998,-37.7301,150746.0,7649.3
6372,3072,SYLVESTER,145.017,-37.7376,148330.4,7394.7
6373,3073,KEON PARK,145.0118427,-37.694627,153992.2,7931.0
6374,3073,RESERVOIR,145.0107588,-37.7118644,152715.2,7773.3
6375,3073,RESERVOIR EAST,145.0215296,-37.7192575,150049.4,7533.2
6376,3073,RESERVOIR NORTH,145.0107588,-37.7118644,152715.2,7773.3
6377,3073,RESERVOIR SOUTH,145.014943,-37.730588,149460.4,7474.1
6378,3074,THOMASTOWN,145.0107588,-37.6837819,155553.9,8051.1
6379,3075,LALOR,145.0107588,-37.6650543,157650.7,8259.2
6380,3075,LALOR PLAZA,145.0364765,-37.67405,157675.0,8084.0
6381,3076,EPPING,145.016269,-37.6341341,168085.7,8594.4
6382,3076,EPPING DC,145.026,-37.6377,162716.6,8567.3
6383,3078,ALPHINGTON,145.023,-37.78,145016.8,6929.6
6384,3078,FAIRFIELD,145.0181267,-37.7790074,145649.1,7032.4
6385,3079,IVANHOE,145.0457,-37.7703,143887.3,7109.6
6386,3079,IVANHOE EAST,145.066,-37.772,142257.9,6970.9
6387,3079,IVANHOE NORTH,145.0442237,-37.7595762,144733.9,7021.7
6388,3081,BELLFIELD,145.045,-37.754,144803.9,7032.4
6389,3081,HEIDELBERG HEIGHTS,145.053,-37.742,145549.3,7122.1
6390,3081,HEIDELBERG RGH,145.044,-37.7418,146133.7,7161.2
6391,3081,HEIDELBERG WEST,145.047,-37.744,145355.2,7090.5
6392,3082,MILL PARK,145.0658766,-37.6649616,155541.5,8073.5
6393,3083,BUNDOORA,145.0548502,-37.6987006,151801.0,7736.8
6394,3083,KINGSBURY,145.034,-37.715,149817.9,7610.3
6395,3083,LA TROBE UNIVERSITY,145.0483389,-37.7206639,148822.6,7548.0
6396,3084,BANYULE,145.0769045,-37.7436031,144463.8,6989.0
6397,3084,EAGLEMONT,145.0628446,-37.7644773,143259.2,6934.0
6398,3084,HEIDELBERG,145.0703364,-37.752695,142904.7,6833.1
6399,3084,ROSANNA,145.0683729,-37.7409649,144678.7,7022.2
6400,3084,VIEWBANK,145.1,-37.731,145155.8,7225.8
6401,3085,MACLEOD,145.066,-37.714,148999.6,7745.4
6402,3085,MACLEOD WEST,145.0709158,-37.7258716,146405.7,7287.7
6403,3085,YALLAMBIE,145.104,-37.726,145171.9,7205.1
6404,3086,LA TROBE UNIVERSITY,145.0503127,-37.7229498,147756.2,7378.6
6405,3087,WATSONIA,145.083,-37.708,148132.1,7452.4
6406,3087,WATSONIA NORTH,145.081,-37.7,149370.4,7602.7
6407,3088,BRIAR HILL,145.115,-37.708,145244.2,7310.2
6408,3088,GREENSBOROUGH,145.1006438,-37.7043698,147121.6,7463.6
6409,3088,SAINT HELENA,145.137,-37.686,147707.6,7565.9
6410,3088,ST HELENA,145.137,-37.686,147707.6,7565.9
6411,3089,DIAMOND CREEK,145.1541397,-37.6666174,150500.9,7896.4
6412,3090,PLENTY,145.1099967,-37.670486,151732.2,7862.1
6413,3091,YARRAMBAT,145.1320653,-37.6404295,153584.3,7981.5
6414,3093,LOWER PLENTY,145.112755,-37.7393287,144621.2,7159.2
6415,3094,MONTMORENCY,145.1237889,-37.7196403,143367.2,7061.9
6416,3095,ELTHAM,145.158,-37.715,144895.4,7234.6
6417,3095,ELTHAM NORTH,145.144,-37.698,146825.8,7491.6
6418,3095,RESEARCH,145.18,-37.707,143584.6,7231.5
6419,3096,WATTLE GLEN,145.1872619,-37.6683887,146680.4,7413.4
6420,3097,BEND OF ISLANDS,145.2756505,-37.6980733,149876.7,7603.9
6421,3097,KANGAROO GROUND,145.216,-37.686,143185.8,7214.9
6422,3097,WATSONS CREEK,145.258,-37.67,147876.2,7439.4
6423,3099,ARTHURS CREEK,145.2,-37.583333,158637.4,8144.4
6424,3099,COTTLES BRIDGE,145.219,-37.622,152079.0,7694.5
6425,3099,HURSTBRIDGE,145.195,-37.638889,150626.2,7648.5
6426,3099,NUTFIELD,145.181,-37.603,155479.2,7907.9
6427,3099,STRATHEWEN,145.266667,-37.55,163854.3,8473.3
6428,3101,COTHAM,145.0459578,-37.8086079,134320.6,6556.0
6429,3101,KEW,145.0328017,-37.803516,136127.8,6739.1
6430,3102,KEW EAST,145.0548502,-37.7922797,140538.3,6732.5
6431,3103,BALWYN,145.078889,-37.808889,135458.9,6606.0
6432,3103,BALWYN EAST,145.078889,-37.808889,135458.9,6606.0
6433,3103,DEEPDENE,145.068,-37.8131,133808.6,6524.7
6434,3103,DEEPDENE DC,145.065,-37.8107,133383.8,6511.4
6435,3103,STRADBROKE PARK,145.062,-37.8007,134127.9,6597.8
6436,3104,BALWYN NORTH,145.0879338,-37.7941151,137636.3,6436.4
6437,3104,GREYTHORN,145.0984985,-37.7965604,137202.7,6390.9
6438,3105,BULLEEN,145.0879338,-37.7660476,141117.5,6631.3
6439,3105,BULLEEN SOUTH,145.092,-37.7748,139993.5,6521.8
6440,3106,TEMPLESTOWE,145.1486206,-37.7537669,140189.7,6809.1
6441,3107,TEMPLESTOWE LOWER,145.1099967,-37.7641408,140247.6,6703.2
6442,3108,DONCASTER,145.1210303,-37.7865824,135175.2,6361.3
6443,3109,DONCASTER EAST,145.1541397,-37.7883929,134424.2,6302.0
6444,3109,DONCASTER HEIGHTS,145.1580383,-37.7887436,132108.3,6312.7
6445,3109,THE PINES,145.1686291,-37.7622651,135074.7,6642.6
6446,3109,TUNSTALL SQUARE PO,145.17,-37.7904,131559.7,6258.2
6447,3111,DONVALE,145.1872619,-37.7901921,130988.7,6262.8
6448,3113,NORTH WARRANDYTE,145.216,-37.726,138678.5,6972.4
6449,3113,WARRANDYTE,145.223,-37.738,135927.6,6773.6
6450,3114,PARK ORCHARDS,145.2148736,-37.7760752,131724.7,6352.2
6451,3115,WONGA PARK,145.2590707,-37.7347069,137324.5,6781.1
6452,3116,CHIRNSIDE PARK,145.3088196,-37.7373267,140356.9,6966.1
6453,3121,BURNLEY,145.0126479,-37.8296728,133162.9,6257.9
6454,3121,BURNLEY NORTH,145.0089483,-37.8160149,135335.8,6551.7
6455,3121,CREMORNE,144.993,-37.83,135724.0,6457.3
6456,3121,RICHMOND,144.998,-37.823,135269.1,6526.5
6457,3121,RICHMOND EAST,144.9972757,-37.8263413,135221.1,6528.2
6458,3121,RICHMOND NORTH,144.9924115,-37.8103629,137797.6,6755.9
6459,3121,RICHMOND SOUTH,144.998,-37.823,135269.1,6526.5
6460,3121,VICTORIA GARDENS,145.012,-37.8132,136324.5,6678.6
6461,3122,AUBURN SOUTH,145.0438836,-37.8297567,131769.6,6212.5
6462,3122,GLENFERRIE SOUTH,145.034,-37.8311,131943.7,6266.5
6463,3122,HAWTHORN,145.0328017,-37.8222114,133542.8,6393.4
6464,3122,HAWTHORN NORTH,145.0216968,-37.8146746,136062.7,6605.5
6465,3122,HAWTHORN WEST,145.0180561,-37.820148,135420.0,6539.8
6466,3123,AUBURN,145.0435616,-37.830327,131841.9,6224.2
6467,3123,HAWTHORN EAST,145.0520938,-37.8310813,130980.3,6149.8
6468,3124,CAMBERWELL,145.0658766,-37.8334095,131498.1,6208.0
6469,3124,CAMBERWELL NORTH,145.0581423,-37.8243246,131434.1,6244.2
6470,3124,CAMBERWELL SOUTH,145.0658766,-37.8334095,131498.1,6208.0
6471,3124,CAMBERWELL WEST,145.0540534,-37.8438471,129234.2,5985.6
6472,3124,HARTWELL,145.075599,-37.84407,131793.9,6245.6
6473,3124,MIDDLE CAMBERWELL,145.056869,-37.8440237,129479.3,6017.5
6474,3125,BENNETTSWOOD,145.118974,-37.854515,125446.1,5948.2
6475,3125,BURWOOD,145.1099967,-37.8483275,127041.2,6118.9
6476,3125,SURREY HILLS SOUTH,145.0972417,-37.8259381,129598.9,6377.4
6477,3126,CAMBERWELL EAST,145.0693815,-37.8251441,132924.7,6392.9
6478,3126,CANTERBURY,145.0741474,-37.8245223,133311.9,6412.7
6479,3127,MONT ALBERT,145.11,-37.816111,130861.1,6483.4
6480,3127,SURREY HILLS,145.0972417,-37.8259381,129598.9,6377.4
6481,3127,SURREY HILLS NORTH,145.0972417,-37.8259381,129598.9,6377.4
6482,3128,BOX HILL,145.1238563,-37.8181073,129570.4,6343.9
6483,3128,BOX HILL CENTRAL,145.1238563,-37.8181073,129570.4,6343.9
6484,3128,BOX HILL SOUTH,145.124,-37.836,127895.9,6190.5
6485,3128,HOUSTON,145.1300661,-37.8448939,127433.5,6125.8
6486,3128,WATTLE PARK,145.1056319,-37.8383693,129231.6,6395.1
6487,3129,BOX HILL NORTH,145.125759,-37.8083033,134986.1,6278.1
6488,3129,KERRIMUIR,145.1326143,-37.8025133,133803.9,6257.6
6489,3129,MONT ALBERT NORTH,145.113889,-37.808056,136225.7,6421.3
6490,3130,BLACKBURN,145.1530529,-37.8197129,128842.7,6327.9
6491,3130,BLACKBURN NORTH,145.1586444,-37.8064051,131448.7,6210.8
6492,3130,BLACKBURN SOUTH,145.144,-37.838,125440.8,6362.9
6493,3130,LABURNUM,145.1453744,-37.8211429,129230.2,6379.4
6494,3131,BRENTFORD SQUARE,145.1840103,-37.8370056,124948.3,5917.6
6495,3131,FOREST HILL,145.1727369,-37.8347413,125850.6,5961.9
6496,3131,NUNAWADING,145.1760206,-37.8184273,128364.6,6102.6
6497,3132,MITCHAM,145.1983055,-37.8219905,125742.9,6014.6
6498,3132,MITCHAM NORTH,145.1892556,-37.8043443,128207.9,6077.3
6499,3132,RANGEVIEW,145.2004016,-37.8043293,128376.8,6269.4
6500,3133,VERMONT,145.198,-37.838,123511.5,5736.2
6501,3133,VERMONT SOUTH,145.183373,-37.8565882,122345.3,5766.9
6502,3134,HEATHWOOD,145.228,-37.8292,124261.1,5789.3
6503,3134,RINGWOOD,145.2307011,-37.8106372,126483.6,5859.5
6504,3134,RINGWOOD NORTH,145.226877,-37.799883,127643.5,6006.3
6505,3134,WARRANDYTE SOUTH,145.2452567,-37.7605268,132479.5,6496.3
6506,3134,WARRANWOOD,145.249,-37.777,130795.6,6267.0
6507,3135,BEDFORD ROAD,145.2439204,-37.8193028,127229.1,5992.5
6508,3135,HEATHMONT,145.242,-37.83,125267.7,5912.7
6509,3135,RINGWOOD EAST,145.252,-37.818,127792.8,6111.8
6510,3136,CROYDON,145.2815432,-37.794384,131838.6,6407.5
6511,3136,CROYDON HILLS,145.266,-37.775,132651.1,6537.7
6512,3136,CROYDON NORTH,145.287,-37.767,135138.4,6618.6
6513,3136,CROYDON SOUTH,145.271,-37.814,129209.0,6223.8
6514,3137,KILSYTH,145.316,-37.802,133427.8,6597.5
6515,3137,KILSYTH SOUTH,145.3115843,-37.8296238,133488.8,6622.8
6516,3138,MOOROOLBARK,145.3309395,-37.7822365,136911.9,6851.3
6517,3139,BEENAK,145.6090481,-37.8986154,Unknown,Unknown
6518,3139,DON VALLEY,145.584444,-37.761389,129904.0,6913.1
6519,3139,HODDLES CREEK,145.583,-37.833,120218.8,6310.5
6520,3139,LAUNCHING PLACE,145.588,-37.774,128043.3,6742.6
6521,3139,SEVILLE,145.461,-37.777,122393.4,6527.5
6522,3139,SEVILLE EAST,145.491,-37.774,125310.8,6720.5
6523,3139,WANDIN EAST,145.453,-37.811,122872.2,6556.3
6524,3139,WANDIN NORTH,145.411,-37.769,127101.7,6961.3
6525,3139,WOORI YALLOCK,145.528,-37.778,121483.6,6487.8
6526,3139,YELLINGBO,145.51,-37.81,116002.2,6147.2
6527,3140,LILYDALE,145.3475331,-37.7643547,140347.6,7083.3
6528,3141,CHAPEL STREET NORTH,144.9951571,-37.8417659,133961.9,6490.0
6529,3141,DOMAIN ROAD PO,144.983,-37.8344,136970.1,6605.9
6530,3141,SOUTH YARRA,144.9914761,-37.838568,134132.3,6517.7
6531,3142,HAWKSBURN,145.0022549,-37.8447415,133487.8,6433.2
6532,3142,TOORAK,145.0190242,-37.8432402,131789.6,6242.7
6533,3143,ARMADALE,145.0190242,-37.857253,132472.1,6321.2
6534,3143,ARMADALE NORTH,145.0206967,-37.8554995,131982.1,6234.6
6535,3144,KOOYONG,145.035,-37.841944,130488.9,6120.0
6536,3144,MALVERN,145.0341642,-37.8572432,130764.4,6159.4
6537,3144,MALVERN NORTH,145.0301857,-37.8517621,130643.7,6110.2
6538,3145,CAULFIELD EAST,145.0444397,-37.8791959,127976.8,6211.0
6539,3145,CENTRAL PARK,145.0442351,-37.8683193,130834.4,6194.2
6540,3145,DARLING,145.0593667,-37.876934,126371.5,6013.7
6541,3145,DARLING SOUTH,145.059,-37.8774,126508.4,6027.8
6542,3145,MALVERN EAST,145.059272,-37.8773116,126330.3,6006.4
6543,3145,WATTLETREE ROAD PO,145.041,-37.8638,130685.6,6152.2
6544,3146,GLEN IRIS,145.0548502,-37.8577136,129109.1,6009.5
6545,3146,TOORONGA,145.0548502,-37.8577136,129109.1,6009.5
6546,3147,ASHBURTON,145.083056,-37.866944,125694.2,5995.9
6547,3147,ASHWOOD,145.103,-37.867,124225.2,5851.7
6548,3148,CHADSTONE,145.0989646,-37.8819831,122751.0,5710.7
6549,3148,CHADSTONE CENTRE,145.0847703,-37.8858532,123995.6,5813.6
6550,3148,HOLMESGLEN,145.0917386,-37.885752,123856.7,5903.3
6551,3148,JORDANVILLE,145.112,-37.8736,123051.3,5742.1
6552,3149,MOUNT WAVERLEY,145.1265477,-37.8772869,121459.9,5776.5
6553,3149,PINEWOOD,145.1403684,-37.8886721,119020.7,5620.5
6554,3149,SYNDAL,145.1494922,-37.8766918,120277.2,5700.0
6555,3150,BRANDON PARK,145.169,-37.9145,117334.9,5552.1
6556,3150,GLEN WAVERLEY,145.1668205,-37.8743502,122078.6,5800.1
6557,3150,WHEELERS HILL,145.1890123,-37.9067871,117687.2,5518.0
6558,3151,BURWOOD EAST,145.1513801,-37.8552869,122701.2,5945.4
6559,3151,BURWOOD HEIGHTS,145.1513801,-37.8552869,122701.2,5945.4
6560,3152,KNOX CITY CENTRE,145.2411111,-37.8688889,122709.6,5826.6
6561,3152,STUDFIELD,145.24,-37.8602,122919.8,5755.6
6562,3152,WANTIRNA,145.2289289,-37.8479567,122455.2,5675.6
6563,3152,WANTIRNA SOUTH,145.2329617,-37.8769518,119683.1,5663.8
6564,3153,BAYSWATER,145.268,-37.843,126141.5,5942.9
6565,3153,BAYSWATER NORTH,145.28,-37.827,128181.2,6159.5
6566,3154,THE BASIN,145.3198788,-37.8534742,131016.4,6476.1
6567,3155,BORONIA,145.2867055,-37.8610682,128021.6,6198.9
6568,3156,FERNTREE GULLY,145.2776105,-37.8826855,121092.3,5929.0
6569,3156,LYSTERFIELD,145.301,-37.93,112135.4,5631.4
6570,3156,LYSTERFIELD SOUTH,145.26,-37.949,Unknown,Unknown
6571,3156,MOUNTAIN GATE,145.2735662,-37.8901043,120874.7,5956.9
6572,3156,UPPER FERNTREE GULLY,145.31,-37.895,118907.6,6211.9
6573,3158,UPWEY,145.3309395,-37.9039829,115714.7,6144.1
6574,3159,MENZIES CREEK,145.398,-37.931,113935.1,5750.0
6575,3159,SELBY,145.369,-37.914,113292.3,5740.4
6576,3160,BELGRAVE,145.3558,-37.912067,112921.3,5736.9
6577,3160,BELGRAVE HEIGHTS,145.34,-37.923,112739.9,5794.5
6578,3160,BELGRAVE SOUTH,145.356,-37.94,108819.1,5390.2
6579,3160,TECOMA,145.344,-37.906,114439.5,5968.8
6580,3161,CAULFIELD JUNCTION,145.0245296,-37.874538,129710.9,6364.0
6581,3161,CAULFIELD NORTH,145.0190242,-37.8712631,130077.9,6419.3
6582,3162,CAULFIELD,145.0266,-37.884,130806.3,6505.4
6583,3162,CAULFIELD SOUTH,145.026,-37.891,130791.0,6542.1
6584,3162,HOPETOUN GARDENS,145.010627,-37.8862817,131908.6,6551.3
6585,3163,BOORAN ROAD PO,145.036,-37.896,130215.4,6410.6
6586,3163,CARNEGIE,145.0570577,-37.8891994,127517.3,6165.9
6587,3163,GLEN HUNTLY,145.0410692,-37.8927437,129586.8,6420.0
6588,3163,MURRUMBEENA,145.070895,-37.8978307,126639.2,6124.4
6590,3165,BENTLEIGH EAST,145.0658766,-37.9174873,128781.8,6364.9
6591,3165,COATESVILLE,145.0736344,-37.9201018,128223.1,6271.3
6592,3166,HUGHESDALE,145.0832264,-37.8966159,125182.0,5970.2
6593,3166,HUNTINGDALE,145.1086176,-37.9074344,124209.5,5868.0
6594,3166,OAKLEIGH,145.0923305,-37.8990236,124350.1,5901.2
6595,3166,OAKLEIGH EAST,145.1181383,-37.9085262,122357.4,5828.6
6596,3167,OAKLEIGH SOUTH,145.0989646,-37.9193474,126089.5,6117.4
6597,3168,CLAYTON,145.1320653,-37.9211962,120520.8,5932.2
6598,3168,NOTTING HILL,145.1458611,-37.9048347,119657.1,5663.4
6599,3169,CLARINDA,145.103,-37.941,123902.2,6105.0
6600,3169,CLAYTON SOUTH,145.1267061,-37.9388113,118671.4,5957.5
6601,3170,MULGRAVE,145.1762197,-37.9267579,114850.7,5546.4
6602,3170,WAVERLEY GARDENS,145.1915757,-37.9367533,113133.3,5471.7
6603,3171,SANDOWN VILLAGE,145.1689511,-37.9348302,113893.2,5426.9
6604,3171,SPRINGVALE,145.1541397,-37.9473307,116735.2,5860.2
6605,3172,DINGLEY VILLAGE,145.1226002,-37.9757588,118797.1,5801.4
6606,3172,SPRINGVALE SOUTH,145.1485377,-37.9709927,114855.4,5790.1
6607,3173,KEYSBOROUGH,145.1706992,-38.0042683,111791.4,5804.9
6608,3174,NOBLE PARK,145.1733926,-37.9650097,111881.7,5540.5
6609,3174,NOBLE PARK EAST,145.1733926,-37.9650097,111881.7,5540.5
6610,3174,NOBLE PARK NORTH,145.1762197,-37.9641212,111658.6,5529.5
6611,3175,BANGHOLME,145.1702424,-38.0453436,113956.5,5703.3
6612,3175,DANDENONG,145.2139907,-37.9847811,109605.8,5312.7
6613,3175,DANDENONG EAST,145.2139907,-37.9847811,109605.8,5312.7
6614,3175,DANDENONG NORTH,145.206837,-37.9592436,110579.0,5302.1
6615,3175,DANDENONG SOUTH,145.2153096,-38.0146698,109678.7,5519.6
6616,3175,DUNEARN,145.202499,-37.9675973,109340.5,5282.3
6618,3177,DOVETON,145.2394075,-37.9876769,108033.9,5143.8
6619,3177,EUMEMMERRING,145.247,-37.999,104915.1,5067.4
6620,3178,ROWVILLE,145.2424941,-37.9210442,113259.4,5548.4
6621,3179,SCORESBY,145.220397,-37.9042587,115809.6,5403.1
6622,3180,KNOXFIELD,145.250782,-37.8887649,119050.9,5755.4
6623,3181,PRAHRAN,144.998,-37.852,134069.5,6461.5
6624,3181,PRAHRAN EAST,144.998,-37.852,134069.5,6461.5
6625,3181,WINDSOR,144.988,-37.854,135169.3,6601.8
6626,3182,ST KILDA,144.982,-37.864,136769.3,6764.9
6627,3182,ST KILDA SOUTH,144.978,-37.8679,133719.6,6799.6
6628,3182,ST KILDA WEST,144.9732,-37.8604,137087.2,6840.4
6629,3183,BALACLAVA,144.993,-37.873,132715.9,6660.8
6630,3183,ST KILDA EAST,145.0007064,-37.8626196,134689.8,6516.3
6631,3184,BRIGHTON ROAD,144.9923384,-37.8765417,133126.2,6681.2
6632,3184,ELWOOD,144.9859676,-37.878722,133709.4,6767.5
6633,3185,ELSTERNWICK,145.0059691,-37.8849536,132205.7,6568.5
6634,3185,GARDENVALE,145.007,-37.899,133455.4,6776.6
6635,3185,RIPPONLEA,144.9956077,-37.8784934,133119.8,6690.6
6636,3186,BRIGHTON,144.9997396,-37.9044002,134607.2,6860.1
6637,3186,BRIGHTON NORTH,145.004905,-37.903623,134286.7,6880.3
6638,3186,DENDY,144.9950292,-37.9196902,136329.1,7016.1
6639,3186,WERE STREET PO,145.0,-37.9255,136817.8,7005.8
6640,3187,BRIGHTON EAST,145.0190242,-37.9179439,134698.3,6874.7
6641,3187,NORTH ROAD,145.019596,-37.9013216,132575.2,6600.0
6642,3188,HAMPTON,145.009,-37.937,131490.8,6966.8
6643,3188,HAMPTON EAST,145.031,-37.939,129054.3,6764.2
6644,3188,HAMPTON NORTH,145.0135139,-37.9394031,130090.5,6887.2
6645,3189,MOORABBIN,145.0576067,-37.9403568,126789.8,6448.6
6646,3189,MOORABBIN EAST,145.058,-37.9404,126711.6,6434.9
6647,3189,WISHART,145.0495054,-37.9350908,127853.6,6575.2
6648,3190,HIGHETT,145.0410692,-37.9487497,127658.9,6594.6
6649,3191,SANDRINGHAM,145.0135139,-37.9533967,130853.7,6781.8
6650,3192,CHELTENHAM,145.0658766,-37.964155,123714.8,6421.6
6651,3192,CHELTENHAM EAST,145.0658766,-37.964155,123714.8,6421.6
6652,3192,CHELTENHAM NORTH,145.0629927,-37.9532145,125086.9,6274.6
6653,3192,SOUTHLAND CENTRE,145.0539188,-37.9583789,126501.3,6473.7
6654,3193,BEAUMARIS,145.0434,-37.983,123977.4,6386.0
6655,3193,BLACK ROCK,145.021,-37.972,126857.9,6645.6
6656,3193,BLACK ROCK NORTH,145.017093,-37.966993,127067.0,6657.0
6657,3193,CROMER,145.0450888,-37.9845182,123982.7,6381.0
6658,3194,MENTONE,145.0647654,-37.9812276,121727.7,6162.6
6659,3194,MENTONE EAST,145.0647654,-37.9812276,121727.7,6162.6
6660,3194,MOORABBIN AIRPORT,145.1017225,-37.9786237,Unknown,Unknown
6661,3195,ASPENDALE,145.104,-38.025,116370.0,6005.7
6662,3195,ASPENDALE GARDENS,145.118889,-38.022778,114611.1,5666.0
6663,3195,BRAESIDE,145.125,-38.0,115777.7,5568.7
6664,3195,MORDIALLOC,145.0940302,-37.9995418,118129.4,5820.6
6665,3195,MORDIALLOC NORTH,145.092,-37.9944,118888.4,5905.5
6666,3195,PARKDALE,145.08,-37.991,120213.3,6029.8
6667,3195,WATERWAYS,145.1305169,-38.0147634,114965.2,5753.9
6668,3196,BONBEACH,145.12,-38.062,112505.3,5794.5
6669,3196,CHELSEA,145.121944,-38.051111,112855.8,5670.8
6670,3196,CHELSEA HEIGHTS,145.137,-38.047,111642.8,5571.5
6671,3196,EDITHVALE,145.113,-38.037,115065.2,5763.7
6685,3202,HEATHERTON,145.0879338,-37.9529597,122964.2,6055.1
6686,3204,BENTLEIGH,145.0410079,-37.9224386,132441.1,6563.5
6687,3204,MCKINNON,145.039,-37.91,131699.8,6534.0
6688,3204,ORMOND,145.0410692,-37.902081,130493.1,6434.8
6689,3204,PATTERSON,145.0381432,-37.9259677,133058.6,6634.9
6690,3205,SOUTH MELBOURNE,144.963937,-37.8338889,138842.3,6711.4
6691,3205,SOUTH MELBOURNE DC,144.957,-37.8301,138807.8,6684.3
6692,3206,ALBERT PARK,144.9514536,-37.8438609,140676.4,6947.8
6693,3206,MIDDLE PARK,144.963056,-37.851944,138500.6,6985.6
6694,3207,GARDEN CITY,144.919805,-37.8366289,143635.3,7071.1
6695,3207,PORT MELBOURNE,144.9226452,-37.8315264,142565.5,7038.6
6696,3211,LITTLE RIVER,144.4561033,-37.9368044,Unknown,Unknown
7177,3335,BONNIE BROOK,144.66,-37.6914,175461.1,8364.2
7178,3335,GRANGEFIELDS,144.639,-37.7054,175096.3,8319.7
7179,3335,PLUMPTON,144.6630148,-37.6731215,177559.6,8465.1
7180,3335,ROCKBANK,144.652914,-37.7304579,173117.2,8243.3
7181,3335,THORNHILL PARK,144.624,-37.7457,177156.3,8390.9
7185,3337,HARKNESS,144.564,-37.6669,183659.9,8813.5
7186,3337,KURUNJANG,144.585,-37.672,181149.2,8728.3
7187,3337,MELTON,144.612,-37.677,180322.4,8607.8
7188,3337,MELTON WEST,144.5500157,-37.68298,182922.8,8680.3
7189,3337,TOOLERN VALE,144.593056,-37.608056,188638.3,8932.2
7190,3338,BROOKFIELD,144.5382417,-37.6999038,184842.9,8926.4
7191,3338,COBBLEBANK,144.602,-37.7062,178853.6,8479.6
7192,3338,EXFORD,144.5349356,-37.7185795,188618.8,9366.5
7193,3338,EYNESBURY,144.5640379,-37.7471636,183093.5,8696.7
7194,3338,MELTON SOUTH,144.571944,-37.703056,181470.1,8697.4
7195,3338,STRATHTULLOH,144.596,-37.7408,180543.6,8588.5
7196,3338,WEIR VIEWS,144.576,-37.732,183831.9,8759.8
7197,3340,BACCHUS MARSH,144.4463206,-37.6763789,193461.8,9174.3
7198,3340,BALLIANG,144.3840601,-37.8622199,202051.7,9953.5
7199,3340,BALLIANG EAST,144.4344864,-37.793087,199009.4,9751.2
7200,3340,COIMADAI,144.446526,-37.604118,202572.3,9583.9
7201,3340,DARLEY,144.437222,-37.654722,194929.7,9101.8
7202,3340,GLENMORE,144.3122204,-37.7128105,212630.5,10603.8
7203,3340,HOPETOUN PARK,144.5053764,-37.6978954,188165.3,8846.0
7204,3340,LONG FOREST,144.5053764,-37.65126,191067.5,8936.5
7205,3340,MADDINGLEY,144.4089115,-37.6837782,199942.9,9578.9
7206,3340,MERRIMU,144.4725244,-37.6585786,197179.9,9450.1
7207,3340,PARWAN,144.45,-37.716667,195498.4,9314.5
7208,3340,ROWSLEY,144.376119,-37.7216385,206727.4,9891.4
7209,3340,STAUGHTON VALE,144.282,-37.8397,215548.0,10788.3
7210,3341,DALES CREEK,144.3016359,-37.5236148,218545.4,10097.2
7211,3341,GREENDALE,144.316944,-37.566944,212364.9,9666.2
7212,3341,KOROBEIT,144.3412497,-37.5851686,210024.3,9591.8
7213,3341,MYRNIONG,144.333333,-37.616667,206620.5,9533.6
7214,3341,PENTLAND HILLS,144.3451301,-37.6344134,203490.9,9384.2
7658,3427,DIGGERS REST,144.6862995,-37.6153848,Unknown,Unknown
7659,3427,PLUMPTON,144.686,-37.6154,Unknown,Unknown
7660,3428,BULLA,144.7961441,-37.6342319,169978.1,8603.7
7661,3429,SUNBURY,144.713889,-37.581111,180791.4,9050.7
7662,3429,WILDWOOD,144.7935,-37.5718,177963.3,8913.6
7663,3430,CLARKEFIELD,144.8071366,-37.497542,190655.0,9727.4
7664,3431,RIDDELLS CREEK,144.6753231,-37.4525468,205289.6,9982.8
7665,3432,BOLINDA,144.7741635,-37.439438,Unknown,Unknown
7667,3434,CHEROKEE,144.633333,-37.383333,Unknown,Unknown
7668,3434,KERRIE,144.6698355,-37.3803808,211257.9,10921.8
7669,3434,ROMSEY,144.7428496,-37.3506332,207036.3,10325.0
7670,3434,SPRINGFIELD,144.8181305,-37.3230084,219856.5,11038.4
7671,3435,BENLOCH,144.6862995,-37.2029416,226731.3,11464.3
7672,3435,GOLDIE,144.7961441,-37.2591504,233691.7,11468.8
7673,3435,LANCEFIELD,144.728396,-37.2769748,215817.1,10945.3
7674,3435,NULLA VALE,144.7460094,-37.1897923,Unknown,Unknown
7675,3437,BULLENGAROOK,144.483333,-37.516667,212082.3,9819.6
7676,3437,GISBORNE,144.588889,-37.49,194490.1,9442.0
7677,3437,GISBORNE SOUTH,144.606389,-37.538611,190082.3,9194.2
7678,3438,NEW GISBORNE,144.620463,-37.4618532,199751.5,9619.2
7679,3440,MACEDON,144.5546793,-37.4205517,204675.9,9688.7
7680,3441,MOUNT MACEDON,144.5985292,-37.3981393,205488.8,9929.8
7681,3442,ASHBOURNE,144.446111,-37.386944,220305.2,10552.7
7682,3442,CADELLO,144.5272851,-37.3033974,Unknown,Unknown
7683,3442,CARLSRUHE,144.5,-37.283333,221238.6,10349.7
7684,3442,COBAW,144.633333,-37.266667,226191.6,10960.8
7685,3442,HANGING ROCK,144.5944289,-37.334892,215633.5,10196.9
7686,3442,HESKET,144.616667,-37.35,217834.6,10367.6
7687,3442,NEWHAM,144.6,-37.316667,Unknown,Unknown
7688,3442,ROCHFORD,144.683333,-37.316667,226665.9,10928.0
7689,3442,WOODEND,144.5244238,-37.3613204,211333.1,10060.6
7690,3442,WOODEND NORTH,144.5382417,-37.3259093,215116.0,10173.5
8538,3658,BROADFORD,145.063089,-37.2110528,220922.6,10540.1
8539,3658,CLONBINANE,145.063089,-37.2110528,220922.6,10540.1
8540,3658,FLOWERDALE,145.3288655,-37.3190608,Unknown,Unknown
8541,3658,HAZELDENE,145.2789336,-37.3632656,Unknown,Unknown
8542,3658,REEDY CREEK,145.1486206,-37.2652467,Unknown,Unknown
8543,3658,STRATH CREEK,145.2212,-37.2365,202932.9,11028.0
8544,3658,SUGARLOAF CREEK,145.038,-37.1339,228942.4,11316.6
8545,3658,SUNDAY CREEK,145.0438252,-37.2441508,215461.5,10233.6
8546,3658,TYAAK,145.1431018,-37.2209691,226817.1,10850.3
8547,3658,WATERFORD PARK,145.0665658,-37.3006634,210497.1,10160.2
8926,3750,WOLLERT,144.9942305,-37.5891893,176338.7,9059.5
8927,3751,WOODSTOCK,145.0603633,-37.5365105,Unknown,Unknown
8928,3752,MORANG SOUTH,145.089563,-37.651389,155702.7,8121.8
8929,3752,SOUTH MORANG,145.082419,-37.6377485,158225.7,8457.8
8930,3753,BEVERIDGE,144.9832134,-37.4822825,188895.6,9481.1
8931,3754,DOREEN,145.146,-37.605,158280.8,8083.1
8932,3754,MERNDA,145.103791,-37.5892795,163527.0,8602.9
8933,3755,YAN YEAN,145.1486206,-37.5474779,Unknown,Unknown
8934,3756,CHINTIN,144.8344934,-37.3906207,209128.5,10251.7
8935,3756,DARRAWEIT GUIM,144.9,-37.4,202680.0,10049.4
8936,3756,HIDDEN VALLEY,144.9903551,-37.3952162,197737.6,9875.6
8937,3756,UPPER PLENTY,145.0603633,-37.4238058,193269.6,9698.9
8938,3756,WALLAN,144.9798236,-37.4066923,194412.3,9600.1
8939,3756,WALLAN EAST,145.007146,-37.417287,191346.2,9667.5
8940,3757,BRUCES CREEK,145.125666,-37.5191073,173276.6,9272.9
8941,3757,EDEN PARK,145.07,-37.489,178053.5,9424.6
8942,3757,HUMEVALE,145.175,-37.497,178681.6,9534.3
8943,3757,KINGLAKE CENTRAL,145.325409,-37.493954,173584.0,9361.9
8944,3757,KINGLAKE WEST,145.233333,-37.466667,Unknown,Unknown
8945,3757,PHEASANT CREEK,145.283333,-37.483333,175504.8,9296.8
8946,3757,WHITTLESEA,145.113889,-37.513889,172311.7,8987.5
8947,3758,HEATHCOTE JUNCTION,145.0438252,-37.3853254,199285.5,10092.7
8948,3758,WANDONG,145.0399797,-37.336023,205569.6,10069.3
8949,3759,PANTON HILL,145.2424941,-37.6400391,149392.8,7630.7
8950,3760,SMITHS GULLY,145.2867055,-37.6267001,155347.6,8141.2
8953,3763,KINGLAKE,145.3591263,-37.518382,169687.8,9129.2
8954,3763,MOUNT SLIDE,145.3760672,-37.5550514,166363.0,8765.6
8955,3764,FORBES,144.8841246,-37.3078202,220651.0,10795.3
8956,3764,GLENAROUA,144.9618719,-37.0580067,246930.6,12365.4
8957,3764,HIGH CAMP,144.8937671,-37.1932159,Unknown,Unknown
8958,3764,KILMORE,144.9497232,-37.3016566,212294.0,10205.3
8959,3764,KILMORE EAST,144.9811479,-37.2930364,216714.4,10591.2
8960,3764,MORANDING,144.9501708,-37.2360979,Unknown,Unknown
8961,3764,TANTARABOO,144.8250025,-37.2372199,Unknown,Unknown
8962,3764,WILLOWMAVIN,144.8717467,-37.25543,223083.0,10893.5
8963,3765,MONTROSE,145.353065,-37.8083883,135061.9,6699.4
8964,3766,KALORAMA,145.3862638,-37.8194936,139227.0,7034.9
8965,3767,MOUNT DANDENONG,145.3420015,-37.8421584,127793.9,7675.5
8966,3770,COLDSTREAM,145.383,-37.734,133636.5,7447.3
8967,3770,GRUYERE,145.45,-37.734,132686.9,7080.3
8968,3770,YERING,145.3582514,-37.7002209,Unknown,Unknown
8969,3775,CHRISTMAS HILLS,145.3173,-37.6515,154599.4,7807.9
8970,3775,DIXONS CREEK,145.416667,-37.6,161328.2,8176.0
8971,3775,STEELS CREEK,145.374,-37.594,160710.1,8251.6
8972,3775,TARRAWARRA,145.4363814,-37.6469756,Unknown,Unknown
8973,3775,YARRA GLEN,145.371944,-37.648889,154199.6,7889.1
8974,3777,BADGER CREEK,145.538,-37.685,134785.7,7237.2
8975,3777,CASTELLA,145.433333,-37.524722,158616.0,8507.0
8976,3777,CHUM CREEK,145.488,-37.606,143399.1,7809.9
8977,3777,HEALESVILLE,145.513889,-37.656111,137037.1,7382.6
8978,3777,HEALESVILLE MAIN STREET,145.515,-37.6565,136793.8,7404.8
8979,3777,HEALESVILLE POST SHOP,145.515,-37.6541,137173.8,7379.4
8980,3777,MOUNT TOOLEBEWONG,145.572,-37.702,138948.8,7360.1
8981,3777,TOOLANGI,145.466667,-37.533333,154449.1,8328.0
8982,3778,FERNSHAW,145.6383617,-37.616115,Unknown,Unknown
8983,3778,NARBETHONG,145.6710457,-37.5233314,164589.4,8873.0
8986,3781,COCKATOO,145.492,-37.935,99432.1,5255.0
8987,3781,MOUNT BURNETT,145.5145727,-37.9767584,94618.6,4966.6
8988,3781,NANGANA,145.533333,-37.866667,109400.4,5887.9
8989,3782,AVONSLEIGH,145.481944,-37.925,101434.6,5427.8
8990,3782,CLEMATIS,145.4222435,-37.9322058,106524.5,5762.7
8991,3782,EMERALD,145.436944,-37.933056,104952.7,5657.1
8992,3782,MACCLESFIELD,145.477,-37.883,107803.5,5830.2
8993,3783,GEMBROOK,145.6023644,-37.9524044,Unknown,Unknown
8994,3785,TREMONT,145.3171139,-37.8782906,Unknown,Unknown
8995,3786,FERNY CREEK,145.3309395,-37.8759058,121340.4,6730.2
8996,3787,SASSAFRAS,145.353065,-37.8645935,120501.2,6479.6
8997,3787,SASSAFRAS GULLY,145.3538556,-37.8622113,120584.1,6470.7
8998,3788,OLINDA,145.3751961,-37.8532703,122376.7,6558.9
8999,3789,SHERBROOKE,145.3641298,-37.8963853,115314.5,5980.0
9000,3791,KALLISTA,145.4111713,-37.9051015,119193.3,6385.3
9001,3792,THE PATCH,145.3973329,-37.8887708,113474.6,6181.5
9002,3793,MONBULK,145.4360858,-37.8689357,113252.8,6364.0
9003,3795,SILVAN,145.4305486,-37.8342877,120491.7,6613.5
9004,3796,MOUNT EVELYN,145.3917982,-37.7791563,141375.3,7281.5
9005,3797,GILDEROY,145.7249828,-37.851396,Unknown,Unknown
9006,3797,GLADYSDALE,145.65,-37.816667,130892.5,7149.3
9007,3797,POWELLTOWN,145.753,-37.865,154208.3,7356.4
9008,3797,THREE BRIDGES,145.683333,-37.833333,134977.9,7492.7
9009,3797,YARRA JUNCTION,145.606,-37.779,129834.0,6853.7
9010,3799,BIG PATS CREEK,145.750833,-37.7638978,145899.7,7996.6
9011,3799,EAST WARBURTON,145.7421233,-37.7370439,144736.1,7885.6
9012,3799,MCMAHONS CREEK,145.8360275,-37.6980957,156038.8,8404.5
9013,3799,MILLGROVE,145.6507039,-37.7448481,136928.1,7498.2
9014,3799,REEFTON,145.8535353,-37.6687532,160758.7,8568.9
9015,3799,WARBURTON,145.6948397,-37.7525378,139260.7,7487.4
9016,3799,WESBURN,145.647,-37.767,134071.2,7134.7
9017,3800,MONASH UNIVERSITY,145.1362485,-37.9105599,120526.0,5753.0
9018,3802,ENDEAVOUR HILLS,145.2590707,-37.9780214,108401.8,5180.5
9019,3803,HALLAM,145.2756505,-38.0069505,101746.2,4972.7
9020,3804,NARRE WARREN EAST,145.367,-37.961,107915.9,5358.7
9021,3804,NARRE WARREN NORTH,145.314,-37.982,101666.3,4940.8
9022,3805,FOUNTAIN GATE,145.3038409,-38.0175584,98513.0,4794.8
9023,3805,NARRE WARREN,145.3032906,-38.0302499,98167.6,4832.6
9024,3805,NARRE WARREN SOUTH,145.303,-38.055,93922.9,4700.8
9025,3806,BERWICK,145.3437469,-38.0309443,94928.8,4671.2
9026,3806,HARKAWAY,145.344,-37.999,98908.6,5024.4
9027,3807,BEACONSFIELD,145.371,-38.049,92534.2,4533.0
9028,3807,GUYS HILL,145.386,-38.017,96667.3,4811.8
9029,3808,BEACONSFIELD UPPER,145.4237893,-37.9982063,94831.1,5049.9
9030,3808,DEWHURST,145.4665466,-37.9844362,102040.8,5410.8
9031,3809,OFFICER,145.415089,-38.0611204,87598.4,4399.9
9032,3809,OFFICER SOUTH,145.4132472,-38.1003957,Unknown,Unknown
9033,3810,PAKENHAM,145.4851308,-38.073568,81283.9,4141.5
9034,3810,PAKENHAM SOUTH,145.5025595,-38.134338,Unknown,Unknown
9035,3810,PAKENHAM UPPER,145.5025595,-38.0034676,91085.5,4830.2
9036,3810,RYTHDALE,145.456,-38.15,74209.0,3646.4
9037,3812,MARYKNOLL,145.602,-38.032,92888.0,4829.5
9038,3812,NAR NAR GOON,145.575,-38.081944,86419.2,4230.3
9039,3812,NAR NAR GOON NORTH,145.551,-38.019,94112.3,4616.4
9040,3813,TYNONG,145.616667,-38.083333,90067.5,4395.9
9041,3813,TYNONG NORTH,145.6294143,-38.0345542,95088.2,5389.3
9042,3814,CORA LYNN,145.605833,-38.145278,76951.9,3857.3
9043,3814,GARFIELD,145.6800684,-38.0999051,88940.0,4557.5
9044,3814,GARFIELD NORTH,145.683333,-38.05,Unknown,Unknown
9045,3814,VERVALE,145.666667,-38.133333,84162.1,4231.1
9046,3815,BUNYIP,145.7189396,-38.1000508,89565.5,4405.8
9047,3815,BUNYIP NORTH,145.7467832,-38.0738337,Unknown,Unknown
9048,3815,IONA,145.683333,-38.15,85857.3,4482.0
9049,3815,TONIMBUK,145.7182515,-38.0206756,98761.8,5109.6
9050,3816,LABERTOUCHE,145.805379,-38.0306894,Unknown,Unknown
9051,3816,LONGWARRY,145.7663288,-38.1110794,93868.1,4566.9
9052,3816,LONGWARRY NORTH,145.763398,-38.0759968,99989.8,4944.0
9053,3816,MODELLA,145.716667,-38.183333,85393.3,4166.2
9135,3833,ADA,145.8518624,-37.8422187,Unknown,Unknown
9136,3833,BAW BAW,146.0696009,-37.7865626,159783.2,8470.4
9137,3833,BAW BAW VILLAGE,146.2580015,-37.8414614,Unknown,Unknown
9138,3833,GENTLE ANNIE,145.8366147,-37.9383977,141130.2,8434.6
9139,3833,ICY CREEK,146.1,-37.883333,150845.1,7472.6
9140,3833,LOCH VALLEY,145.9977047,-37.8402239,145006.5,7033.9
9141,3833,MT BAW BAW,146.2736111,-37.8383333,186737.6,9749.2
9142,3833,NOOJEE,146.0,-37.883333,139481.5,6812.9
9143,3833,PIEDMONT,145.9442113,-37.8938569,136184.7,6574.0
9144,3833,TANJIL BREN,146.1775,-37.824722,169898.4,8595.0
9145,3833,TOORONGO,146.0868854,-37.7755298,161635.7,8692.7
9146,3833,VESPER,146.0640244,-37.8742225,148706.7,7488.9
9636,3975,LYNBROOK,145.252,-38.05,95887.6,4914.2
9637,3975,LYNDHURST,145.2424941,-38.0704681,95234.7,4932.6
9638,3976,HAMPTON PARK,145.2756505,-38.0349647,97761.4,5057.0
9651,3978,CARDINIA,145.423,-38.147,77223.1,3885.2
9652,3978,CLYDE,145.327,-38.132,84601.0,4221.7
9653,3978,CLYDE NORTH,145.3484256,-38.1062834,89131.1,4670.3
9658,3980,BLIND BIGHT,145.339912,-38.2138627,79421.3,3939.4
9659,3980,TOORADIN,145.38,-38.211111,73216.5,3615.5
9660,3980,WARNEET,145.309,-38.224,82266.5,4148.2
9661,3981,BAYLES,145.575,-38.182,72502.2,3633.6
9662,3981,CATANI,145.65,-38.183333,Unknown,Unknown
9663,3981,DALMORE,145.425,-38.19,72828.6,3620.8
9664,3981,HEATH HILL,145.692,-38.244,67204.0,3610.0
9665,3981,KOO WEE RUP,145.489,-38.198,64725.5,3306.0
9666,3981,KOO WEE RUP NORTH,145.5385871,-38.1486911,Unknown,Unknown
9667,3981,YANNATHAN,145.633333,-38.233333,Unknown,Unknown
9668,3984,ADAMS ESTATE,145.5323505,-38.4256676,36819.4,2193.0
9669,3984,CALDERMEADE,145.576448,-38.2380228,Unknown,Unknown
9670,3984,CORINELLA,145.463777,-38.4242265,35806.7,2088.3
9671,3984,CORONET BAY,145.45,-38.433333,34878.1,2255.5
9672,3984,GRANTVILLE,145.533333,-38.4,38701.0,2242.5
9673,3984,JAM JERRUP,145.5204241,-38.3217802,49577.3,2809.0
9674,3984,LANG LANG,145.566667,-38.266667,55493.2,2923.6
9675,3984,LANG LANG EAST,145.6523091,-38.2728983,64572.5,3629.0
9676,3984,MONOMEITH,145.5378941,-38.2155589,63374.3,3373.6
9677,3984,PIONEER BAY,145.5503685,-38.3805015,40681.6,2329.2
9678,3984,QUEENSFERRY,145.5011741,-38.4193115,35260.3,2099.8
9679,3984,TENBY POINT,145.473471,-38.4146878,37475.3,2292.7
9680,3984,THE GURDIES,145.5659261,-38.3863916,Unknown,Unknown
9681,3987,NYORA,145.6800684,-38.3054452,68378.3,3690.8
18525,9999,NORTH POLE,144.963937,-37.8152065,139795.0,6787.4
